FilterType,n,fpr,bpi,iteration
Bloom,1000000.000000,0.000100,19.170176,0
Cuckoo,1000000.000000,0.000100,18.085106,0
Bloom,1000000.000000,0.001000,14.377600,0
Cuckoo,1000000.000000,0.001000,13.829787,0
Bloom,1000000.000000,0.010000,9.585088,0
Cuckoo,1000000.000000,0.010000,10.638298,0
Bloom,1000000.000000,0.100000,4.792576,0
Cuckoo,1000000.000000,0.100000,7.446809,0
