FilterType,n,constTime,fpr,iteration
Xor,10000.000000,159783.545900,0.010000,-1
Xor,100000.000000,99704.770800,0.010000,-1
Xor,1000000.000000,85266.570900,0.010000,-1
Xor,10000000.000000,87092.137500,0.010000,-1
