FilterType,n,constTime,fpr,iteration
Bloom,10000.000000,93.104200,0.010000,0
Cuckoo,10000.000000,581.320900,0.010000,0
Bloom,100000.000000,99.422500,0.010000,0
Cuckoo,100000.000000,568.842910,0.010000,0
Bloom,1000000.000000,92.439500,0.010000,0
Cuckoo,1000000.000000,605.214542,0.010000,0
Bloom,10000000.000000,89.432408,0.010000,0
Cuckoo,10000000.000000,659.679696,0.010000,0
