FilterType,actual,target,n,iteration
Bloom,0.157257,0.010000,2000000.000000,0
Cuckoo,0.005593,0.010000,2000000.000000,0
Blocked Bloom,0.009852,0.010000,2000000.000000,0
Xor,0.007844,0.010000,2000000.000000,0
