FilterType,actual,target,n,iteration
Bloom,0.010105,0.010000,2000000.000000,0
Cuckoo,0.001914,0.010000,2000000.000000,0
Blocked Bloom,0.933850,0.010000,2000000.000000,0
Bloom,0.009864,0.010000,2000000.000000,1
Cuckoo,0.001935,0.010000,2000000.000000,1
Blocked Bloom,0.933343,0.010000,2000000.000000,1
