FilterType,actual,target,n,iteration
Bloom,0.010285,0.010000,2000000.000000,0
Cuckoo,0.010285,0.010000,2000000.000000,0
Bloom,0.010264,0.010000,2000000.000000,1
Cuckoo,0.010264,0.010000,2000000.000000,1
Bloom,0.010293,0.010000,2000000.000000,2
Cuckoo,0.010293,0.010000,2000000.000000,2
Bloom,0.010364,0.010000,2000000.000000,3
Cuckoo,0.010364,0.010000,2000000.000000,3
Bloom,0.010128,0.010000,2000000.000000,4
Cuckoo,0.010128,0.010000,2000000.000000,4
